{
  "4_1": {
    "R_K": 0.2734375,
    "R_K_star": 3.657142857142857,
    "R_sym_K": 0.2734375,
    "R_sym_K_star": 0.2734375,
    "is_inverse": true,
    "is_symmetric": true
  },
  "6_3": {
    "R_K": 0.2255859375,
    "R_K_star": 4.432900432900433,
    "R_sym_K": 0.2255859375,
    "R_sym_K_star": 0.2255859375,
    "is_inverse": true,
    "is_symmetric": true
  },
  "8_3": {
    "R_K": 0.196380615234375,
    "R_K_star": 5.092152292152292,
    "R_sym_K": 0.196380615234375,
    "R_sym_K_star": 0.196380615234375,
    "is_inverse": true,
    "is_symmetric": true
  },
  "8_9": {
    "R_K": 0.196380615234375,
    "R_K_star": 5.092152292152292,
    "R_sym_K": 0.196380615234375,
    "R_sym_K_star": 0.196380615234375,
    "is_inverse": true,
    "is_symmetric": true
  },
  "8_12": {
    "R_K": 0.196380615234375,
    "R_K_star": 5.092152292152292,
    "R_sym_K": 0.196380615234375,
    "R_sym_K_star": 0.196380615234375,
    "is_inverse": true,
    "is_symmetric": true
  },
  "8_17": {
    "R_K": 0.24244520399305555,
    "R_K_star": 4.1246433566433565,
    "R_sym_K": 0.24244520399305555,
    "R_sym_K_star": 0.24244520399305555,
    "is_inverse": true,
    "is_symmetric": true
  },
  "8_18": {
    "R_K": 0.24244520399305555,
    "R_K_star": 4.1246433566433565,
    "R_sym_K": 0.24244520399305555,
    "R_sym_K_star": 0.24244520399305555,
    "is_inverse": true,
    "is_symmetric": true
  }
}